{"cameraMode":{"drawMode":0,"name":"Shaded","section":"Shading Mode"},"sceneLighting":true,"audioPlay":false,"sceneViewState":{"m_AlwaysRefresh":false,"showFog":true,"showSkybox":true,"showFlares":true,"showImageEffects":true,"showParticleSystems":true,"showVisualEffectGraphs":true,"m_FxEnabled":true},"in2DMode":false,"pivot":{"x":1.7112541198730469,"y":-3.219355583190918,"z":12.288687705993653},"rotation":{"x":0.13666866719722749,"y":0.0653311088681221,"z":-0.00903334654867649,"w":0.9884231090545654},"size":8.096731185913086,"orthographic":false}